LOGIN000,TEST,778375587ff90a4c277c3a61becd768e,ROLE00
LOGIN000,TEST,778375587ff90a4c277c3a61becd768e,ROLE00
LOGIN000,ss,3691308f2a4c2f6983f2880d32e29c84,ROLE00
LOGIN000,ima,92bfd5bc53a4bdbd7b8c9f8bc660cc14,ROLE00
LOGIN000,ima,92bfd5bc53a4bdbd7b8c9f8bc660cc14,ROLE00
LOGIN000,admin,919e682cac825d430a580e842ff0bbc4,ROLE00
LOGIN000,ima,92bfd5bc53a4bdbd7b8c9f8bc660cc14,ROLE00
LOGIN000,admin,537319a7934aea9825d1af85df588fde,ROLE00
LOGIN000,ima,92bfd5bc53a4bdbd7b8c9f8bc660cc14,ROLE00
LOGIN000,IMAI,9deb4ea28bde9ec10ee8ff8c2caa0210,ROLE00
LOGIN000,ima,92bfd5bc53a4bdbd7b8c9f8bc660cc14,ROLE00
LOGIN000,ima,92bfd5bc53a4bdbd7b8c9f8bc660cc14,ROLE00
LOGIN000,admin,21232f297a57a5a743894a0e4a801fc3,ROLE00
